danceability,energy,key,loudness,mode,speechiness,acousticness,instrumentalness,liveness,valence,tempo,type,id,uri,track_href,analysis_url,duration_ms,time_signature
0.864,0.476,1,-10.068,1,0.436,0.0374,0.0,0.374,0.647,157.144,audio_features,1vrFJDrysqmsNAgyjBzx4f,spotify:track:1vrFJDrysqmsNAgyjBzx4f,https://api.spotify.com/v1/tracks/1vrFJDrysqmsNAgyjBzx4f,https://api.spotify.com/v1/audio-analysis/1vrFJDrysqmsNAgyjBzx4f,137580,4
0.545,0.641,10,-6.398,0,0.0998,0.00453,6.59e-05,0.171,0.464,121.892,audio_features,1Hohk6AufHZOrrhMXZppax,spotify:track:1Hohk6AufHZOrrhMXZppax,https://api.spotify.com/v1/tracks/1Hohk6AufHZOrrhMXZppax,https://api.spotify.com/v1/audio-analysis/1Hohk6AufHZOrrhMXZppax,215460,4
0.629,0.698,8,-4.485,1,0.308,0.0509,0.00166,0.0909,0.599,117.765,audio_features,0UvZcEfpzVyx47QsRbjyBz,spotify:track:0UvZcEfpzVyx47QsRbjyBz,https://api.spotify.com/v1/tracks/0UvZcEfpzVyx47QsRbjyBz,https://api.spotify.com/v1/audio-analysis/0UvZcEfpzVyx47QsRbjyBz,201816,4
0.732,0.703,11,-7.224,1,0.0314,0.104,0.0417,0.109,0.836,108.979,audio_features,5DRnssBoVo8e7uAQZkNT8O,spotify:track:5DRnssBoVo8e7uAQZkNT8O,https://api.spotify.com/v1/tracks/5DRnssBoVo8e7uAQZkNT8O,https://api.spotify.com/v1/audio-analysis/5DRnssBoVo8e7uAQZkNT8O,156772,4
0.827,0.768,0,-5.702,1,0.265,0.79,2.45e-05,0.497,0.734,99.988,audio_features,2FYGZDfsAnNsrm1gVbyKnG,spotify:track:2FYGZDfsAnNsrm1gVbyKnG,https://api.spotify.com/v1/tracks/2FYGZDfsAnNsrm1gVbyKnG,https://api.spotify.com/v1/audio-analysis/2FYGZDfsAnNsrm1gVbyKnG,137533,4
0.773,0.422,1,-4.572,0,0.187,0.00783,0.00693,0.129,0.488,77.502,audio_features,3XOalgusokruzA5ZBA2Qcb,spotify:track:3XOalgusokruzA5ZBA2Qcb,https://api.spotify.com/v1/tracks/3XOalgusokruzA5ZBA2Qcb,https://api.spotify.com/v1/audio-analysis/3XOalgusokruzA5ZBA2Qcb,136267,1
0.824,0.618,5,-5.435,0,0.0656,0.0132,0.0,0.0872,0.676,120.028,audio_features,7uvxkcv7FWVh4wE91I8Bi2,spotify:track:7uvxkcv7FWVh4wE91I8Bi2,https://api.spotify.com/v1/tracks/7uvxkcv7FWVh4wE91I8Bi2,https://api.spotify.com/v1/audio-analysis/7uvxkcv7FWVh4wE91I8Bi2,243236,4
0.686,0.494,1,-7.093,1,0.0355,0.613,5.8e-05,0.402,0.7,168.946,audio_features,4k6Uh1HXdhtusDW5y8Gbvy,spotify:track:4k6Uh1HXdhtusDW5y8Gbvy,https://api.spotify.com/v1/tracks/4k6Uh1HXdhtusDW5y8Gbvy,https://api.spotify.com/v1/audio-analysis/4k6Uh1HXdhtusDW5y8Gbvy,232067,4
0.52,0.731,6,-5.338,0,0.0557,0.342,0.00101,0.311,0.662,173.93,audio_features,4Dvkj6JhhA12EX05fT7y2e,spotify:track:4Dvkj6JhhA12EX05fT7y2e,https://api.spotify.com/v1/tracks/4Dvkj6JhhA12EX05fT7y2e,https://api.spotify.com/v1/audio-analysis/4Dvkj6JhhA12EX05fT7y2e,167303,4
0.369,0.192,4,-12.151,0,0.04,0.555,8.35e-06,0.0954,0.148,175.212,audio_features,3WMj8moIAXJhHsyLaqIIHI,spotify:track:3WMj8moIAXJhHsyLaqIIHI,https://api.spotify.com/v1/tracks/3WMj8moIAXJhHsyLaqIIHI,https://api.spotify.com/v1/audio-analysis/3WMj8moIAXJhHsyLaqIIHI,228013,3
0.848,0.512,3,-7.72,0,0.102,0.228,0.00232,0.0879,0.572,120.009,audio_features,2wSTnntOPRi7aQneobFtU4,spotify:track:2wSTnntOPRi7aQneobFtU4,https://api.spotify.com/v1/tracks/2wSTnntOPRi7aQneobFtU4,https://api.spotify.com/v1/audio-analysis/2wSTnntOPRi7aQneobFtU4,181840,4
0.836,0.743,10,-6.305,0,0.0656,0.0995,0.0,0.335,0.722,108.966,audio_features,1PckUlxKqWQs3RlWXVBLw3,spotify:track:1PckUlxKqWQs3RlWXVBLw3,https://api.spotify.com/v1/tracks/1PckUlxKqWQs3RlWXVBLw3,https://api.spotify.com/v1/audio-analysis/1PckUlxKqWQs3RlWXVBLw3,191822,4
0.818,0.605,1,-7.121,1,0.038,0.293,0.0116,0.0696,0.366,104.931,audio_features,2qWwuCVeMjF9mUT0S5Iqvl,spotify:track:2qWwuCVeMjF9mUT0S5Iqvl,https://api.spotify.com/v1/tracks/2qWwuCVeMjF9mUT0S5Iqvl,https://api.spotify.com/v1/audio-analysis/2qWwuCVeMjF9mUT0S5Iqvl,178225,4
0.573,0.52,2,-5.356,1,0.0598,0.508,1.35e-06,0.15,0.546,154.999,audio_features,7eBJf9kAJn06HKp2lBEWi2,spotify:track:7eBJf9kAJn06HKp2lBEWi2,https://api.spotify.com/v1/tracks/7eBJf9kAJn06HKp2lBEWi2,https://api.spotify.com/v1/audio-analysis/7eBJf9kAJn06HKp2lBEWi2,183560,3
0.632,0.565,8,-9.888,0,0.0543,0.0192,0.763,0.257,0.0852,161.057,audio_features,3J5hqqaVJISr0u4zVgsl3U,spotify:track:3J5hqqaVJISr0u4zVgsl3U,https://api.spotify.com/v1/tracks/3J5hqqaVJISr0u4zVgsl3U,https://api.spotify.com/v1/audio-analysis/3J5hqqaVJISr0u4zVgsl3U,270514,4
0.491,0.783,9,-4.955,1,0.0314,0.00172,1.85e-06,0.309,0.135,118.007,audio_features,2duYKNd4oqFiXBTDlxOuZe,spotify:track:2duYKNd4oqFiXBTDlxOuZe,https://api.spotify.com/v1/tracks/2duYKNd4oqFiXBTDlxOuZe,https://api.spotify.com/v1/audio-analysis/2duYKNd4oqFiXBTDlxOuZe,271678,4
0.755,0.514,11,-6.942,0,0.173,0.083,0.0,0.128,0.553,133.1,audio_features,7sg9kDT8H2P0wPACXnWRdN,spotify:track:7sg9kDT8H2P0wPACXnWRdN,https://api.spotify.com/v1/tracks/7sg9kDT8H2P0wPACXnWRdN,https://api.spotify.com/v1/audio-analysis/7sg9kDT8H2P0wPACXnWRdN,168920,4
0.495,0.7,0,-7.674,1,0.0356,0.0352,1.22e-05,0.696,0.23,122.884,audio_features,0BnepvoveEw7fJIpuwdLT4,spotify:track:0BnepvoveEw7fJIpuwdLT4,https://api.spotify.com/v1/tracks/0BnepvoveEw7fJIpuwdLT4,https://api.spotify.com/v1/audio-analysis/0BnepvoveEw7fJIpuwdLT4,279240,4
0.787,0.522,8,-5.872,1,0.463,0.0668,0.0,0.108,0.666,170.439,audio_features,2PljnVsnl2PRwCvfhbdQup,spotify:track:2PljnVsnl2PRwCvfhbdQup,https://api.spotify.com/v1/tracks/2PljnVsnl2PRwCvfhbdQup,https://api.spotify.com/v1/audio-analysis/2PljnVsnl2PRwCvfhbdQup,163765,4
0.415,0.748,4,-5.008,1,0.0481,0.00305,0.0,0.0903,0.154,120.056,audio_features,4ltqfN12ohaVZdM6C45gMg,spotify:track:4ltqfN12ohaVZdM6C45gMg,https://api.spotify.com/v1/tracks/4ltqfN12ohaVZdM6C45gMg,https://api.spotify.com/v1/audio-analysis/4ltqfN12ohaVZdM6C45gMg,258419,4
0.534,0.552,1,-10.467,0,0.0333,0.15,0.923,0.0842,0.966,150.711,audio_features,7vrUr4ik4xw8ukdGdQ1v9Q,spotify:track:7vrUr4ik4xw8ukdGdQ1v9Q,https://api.spotify.com/v1/tracks/7vrUr4ik4xw8ukdGdQ1v9Q,https://api.spotify.com/v1/audio-analysis/7vrUr4ik4xw8ukdGdQ1v9Q,192938,4
0.447,0.531,8,-5.281,1,0.0299,0.845,0.000477,0.13,0.248,119.762,audio_features,0hHOIVyywNzkoh1v6RWFb3,spotify:track:0hHOIVyywNzkoh1v6RWFb3,https://api.spotify.com/v1/tracks/0hHOIVyywNzkoh1v6RWFb3,https://api.spotify.com/v1/audio-analysis/0hHOIVyywNzkoh1v6RWFb3,187587,3
0.814,0.47,7,-5.822,1,0.0795,0.15,0.0669,0.0764,0.594,103.003,audio_features,6VZc5PlI7bLmgCYjODYLnG,spotify:track:6VZc5PlI7bLmgCYjODYLnG,https://api.spotify.com/v1/tracks/6VZc5PlI7bLmgCYjODYLnG,https://api.spotify.com/v1/audio-analysis/6VZc5PlI7bLmgCYjODYLnG,171146,4
0.637,0.643,4,-6.571,1,0.0519,0.13,1.8e-06,0.142,0.533,97.008,audio_features,0V3wPSX9ygBnCm8psDIegu,spotify:track:0V3wPSX9ygBnCm8psDIegu,https://api.spotify.com/v1/tracks/0V3wPSX9ygBnCm8psDIegu,https://api.spotify.com/v1/audio-analysis/0V3wPSX9ygBnCm8psDIegu,200690,4
0.841,0.879,1,-4.336,1,0.0743,0.0055,0.00211,0.101,0.458,128.966,audio_features,2b1MCbfwRZ1teOX1vSm4Xt,spotify:track:2b1MCbfwRZ1teOX1vSm4Xt,https://api.spotify.com/v1/tracks/2b1MCbfwRZ1teOX1vSm4Xt,https://api.spotify.com/v1/audio-analysis/2b1MCbfwRZ1teOX1vSm4Xt,134116,4
0.62,0.396,1,-15.498,0,0.206,0.735,0.000985,0.0976,0.774,87.865,audio_features,3MlQPB0wJuopo3NTZGlMpI,spotify:track:3MlQPB0wJuopo3NTZGlMpI,https://api.spotify.com/v1/tracks/3MlQPB0wJuopo3NTZGlMpI,https://api.spotify.com/v1/audio-analysis/3MlQPB0wJuopo3NTZGlMpI,201027,4
0.617,0.916,10,-5.937,1,0.12,0.0257,0.00036,0.0654,0.246,133.959,audio_features,0UNzzZBuQfZwNJ3mk2PYbm,spotify:track:0UNzzZBuQfZwNJ3mk2PYbm,https://api.spotify.com/v1/tracks/0UNzzZBuQfZwNJ3mk2PYbm,https://api.spotify.com/v1/audio-analysis/0UNzzZBuQfZwNJ3mk2PYbm,245821,4
0.722,0.467,5,-7.519,0,0.077,0.0537,0.000557,0.122,0.68,74.968,audio_features,50wpwXmMyYWMEhuATNxLEt,spotify:track:50wpwXmMyYWMEhuATNxLEt,https://api.spotify.com/v1/tracks/50wpwXmMyYWMEhuATNxLEt,https://api.spotify.com/v1/audio-analysis/50wpwXmMyYWMEhuATNxLEt,244139,4
0.154,0.00458,0,-28.608,1,0.0448,0.959,0.952,0.108,0.0918,75.517,audio_features,0KgSqUAo5E2DZ0xGA2IvnL,spotify:track:0KgSqUAo5E2DZ0xGA2IvnL,https://api.spotify.com/v1/tracks/0KgSqUAo5E2DZ0xGA2IvnL,https://api.spotify.com/v1/audio-analysis/0KgSqUAo5E2DZ0xGA2IvnL,402040,5
0.623,0.318,0,-13.533,1,0.0322,0.691,0.908,0.107,0.286,143.934,audio_features,5762u0ONzL6KciLE25E4ET,spotify:track:5762u0ONzL6KciLE25E4ET,https://api.spotify.com/v1/tracks/5762u0ONzL6KciLE25E4ET,https://api.spotify.com/v1/audio-analysis/5762u0ONzL6KciLE25E4ET,165969,4
0.805,0.738,11,-2.324,1,0.15,0.00633,0.0,0.143,0.559,142.657,audio_features,6s3x9zSwfzgi1IY9iDXjYh,spotify:track:6s3x9zSwfzgi1IY9iDXjYh,https://api.spotify.com/v1/tracks/6s3x9zSwfzgi1IY9iDXjYh,https://api.spotify.com/v1/audio-analysis/6s3x9zSwfzgi1IY9iDXjYh,197147,4
0.269,0.764,7,-3.735,1,0.0534,0.132,0.0,0.0723,0.15,181.299,audio_features,49EXOlUTFBGdI098L6SXDh,spotify:track:49EXOlUTFBGdI098L6SXDh,https://api.spotify.com/v1/tracks/49EXOlUTFBGdI098L6SXDh,https://api.spotify.com/v1/audio-analysis/49EXOlUTFBGdI098L6SXDh,252760,4
0.445,0.607,4,-10.049,0,0.139,0.113,3.2e-05,0.461,0.303,135.395,audio_features,4Q97Oa0N8bZtHmODSOF6gM,spotify:track:4Q97Oa0N8bZtHmODSOF6gM,https://api.spotify.com/v1/tracks/4Q97Oa0N8bZtHmODSOF6gM,https://api.spotify.com/v1/audio-analysis/4Q97Oa0N8bZtHmODSOF6gM,199000,4
0.766,0.55,1,-7.898,1,0.0758,0.0142,0.0452,0.123,0.356,106.99,audio_features,5vGZX134ZZktjCEYoDm462,spotify:track:5vGZX134ZZktjCEYoDm462,https://api.spotify.com/v1/tracks/5vGZX134ZZktjCEYoDm462,https://api.spotify.com/v1/audio-analysis/5vGZX134ZZktjCEYoDm462,302520,4
0.7,0.812,1,-8.128,0,0.297,0.183,0.0,0.0756,0.801,97.405,audio_features,5qbhVL3vB7HwWvb0042B7y,spotify:track:5qbhVL3vB7HwWvb0042B7y,https://api.spotify.com/v1/tracks/5qbhVL3vB7HwWvb0042B7y,https://api.spotify.com/v1/audio-analysis/5qbhVL3vB7HwWvb0042B7y,332229,4
0.882,0.858,6,-4.132,0,0.111,0.163,5.33e-05,0.0599,0.311,109.952,audio_features,1WGIqE7rCmrsERtlIpCGyM,spotify:track:1WGIqE7rCmrsERtlIpCGyM,https://api.spotify.com/v1/tracks/1WGIqE7rCmrsERtlIpCGyM,https://api.spotify.com/v1/audio-analysis/1WGIqE7rCmrsERtlIpCGyM,168452,4
0.635,0.849,5,-5.33,1,0.0346,0.000821,0.618,0.193,0.708,119.994,audio_features,5gG1tBzjqPWXTevct5kaLX,spotify:track:5gG1tBzjqPWXTevct5kaLX,https://api.spotify.com/v1/tracks/5gG1tBzjqPWXTevct5kaLX,https://api.spotify.com/v1/audio-analysis/5gG1tBzjqPWXTevct5kaLX,250053,4
0.695,0.555,5,-8.5,0,0.0509,0.141,0.826,0.11,0.26,150.024,audio_features,74loibzxXRL875X20kenvk,spotify:track:74loibzxXRL875X20kenvk,https://api.spotify.com/v1/tracks/74loibzxXRL875X20kenvk,https://api.spotify.com/v1/audio-analysis/74loibzxXRL875X20kenvk,83200,4
0.606,0.603,0,-5.788,1,0.0319,0.403,0.0,0.116,0.461,164.973,audio_features,62PeKIJQiist979Q2GBrFc,spotify:track:62PeKIJQiist979Q2GBrFc,https://api.spotify.com/v1/tracks/62PeKIJQiist979Q2GBrFc,https://api.spotify.com/v1/audio-analysis/62PeKIJQiist979Q2GBrFc,235750,3
0.677,0.209,5,-14.122,1,0.0478,0.949,8.79e-06,0.146,0.432,114.011,audio_features,15kPxt5PPzlo6RtPC82eEV,spotify:track:15kPxt5PPzlo6RtPC82eEV,https://api.spotify.com/v1/tracks/15kPxt5PPzlo6RtPC82eEV,https://api.spotify.com/v1/audio-analysis/15kPxt5PPzlo6RtPC82eEV,202933,3
0.719,0.44,1,-7.24,1,0.034,0.0977,0.899,0.2,0.578,115.675,audio_features,0Ih4uM3sicCT5Ai849jkUI,spotify:track:0Ih4uM3sicCT5Ai849jkUI,https://api.spotify.com/v1/tracks/0Ih4uM3sicCT5Ai849jkUI,https://api.spotify.com/v1/audio-analysis/0Ih4uM3sicCT5Ai849jkUI,188058,4
0.589,0.899,7,-5.578,1,0.225,0.512,0.00016,0.125,0.335,175.719,audio_features,6I1iRZyHuBtsolaGh3knLI,spotify:track:6I1iRZyHuBtsolaGh3knLI,https://api.spotify.com/v1/tracks/6I1iRZyHuBtsolaGh3knLI,https://api.spotify.com/v1/audio-analysis/6I1iRZyHuBtsolaGh3knLI,286903,4
0.451,0.97,0,-4.858,1,0.0605,0.000372,0.105,0.222,0.532,113.39,audio_features,4tf04WrZTy60CawyvueIdK,spotify:track:4tf04WrZTy60CawyvueIdK,https://api.spotify.com/v1/tracks/4tf04WrZTy60CawyvueIdK,https://api.spotify.com/v1/audio-analysis/4tf04WrZTy60CawyvueIdK,158293,4
0.557,0.654,11,-7.201,0,0.196,0.134,0.0,0.291,0.386,135.983,audio_features,1q8DwZtQen5fvyB7cKbShC,spotify:track:1q8DwZtQen5fvyB7cKbShC,https://api.spotify.com/v1/tracks/1q8DwZtQen5fvyB7cKbShC,https://api.spotify.com/v1/audio-analysis/1q8DwZtQen5fvyB7cKbShC,280000,4
0.393,0.416,1,-7.141,1,0.0498,0.669,0.0,0.142,0.606,176.188,audio_features,6u0JBv5NxVGRrFtJqFLpa7,spotify:track:6u0JBv5NxVGRrFtJqFLpa7,https://api.spotify.com/v1/tracks/6u0JBv5NxVGRrFtJqFLpa7,https://api.spotify.com/v1/audio-analysis/6u0JBv5NxVGRrFtJqFLpa7,202453,3
0.817,0.799,10,-5.704,0,0.0721,0.0295,8.56e-05,0.129,0.56,118.014,audio_features,1VYlIU9IpVa4MHUqzKHyOb,spotify:track:1VYlIU9IpVa4MHUqzKHyOb,https://api.spotify.com/v1/tracks/1VYlIU9IpVa4MHUqzKHyOb,https://api.spotify.com/v1/audio-analysis/1VYlIU9IpVa4MHUqzKHyOb,185875,4
0.87,0.517,1,-7.918,1,0.0475,0.576,0.00553,0.11,0.54,111.002,audio_features,3HqcNJdZ2seoGxhn0wVNDK,spotify:track:3HqcNJdZ2seoGxhn0wVNDK,https://api.spotify.com/v1/tracks/3HqcNJdZ2seoGxhn0wVNDK,https://api.spotify.com/v1/audio-analysis/3HqcNJdZ2seoGxhn0wVNDK,207627,4
0.554,0.498,8,-13.794,1,0.0383,0.918,0.907,0.113,0.429,111.149,audio_features,5gQkOU6ZhGvA40ltPIFjEo,spotify:track:5gQkOU6ZhGvA40ltPIFjEo,https://api.spotify.com/v1/tracks/5gQkOU6ZhGvA40ltPIFjEo,https://api.spotify.com/v1/audio-analysis/5gQkOU6ZhGvA40ltPIFjEo,550529,3
0.732,0.734,7,-10.574,1,0.0541,0.0777,0.172,0.327,0.687,104.764,audio_features,2DccHqTquzubziHAPZRdct,spotify:track:2DccHqTquzubziHAPZRdct,https://api.spotify.com/v1/tracks/2DccHqTquzubziHAPZRdct,https://api.spotify.com/v1/audio-analysis/2DccHqTquzubziHAPZRdct,274391,4
0.376,0.451,11,-8.276,1,0.0327,0.402,4.13e-05,0.128,0.164,123.344,audio_features,3k2kIiJqUiIP49iUcOLpWT,spotify:track:3k2kIiJqUiIP49iUcOLpWT,https://api.spotify.com/v1/tracks/3k2kIiJqUiIP49iUcOLpWT,https://api.spotify.com/v1/audio-analysis/3k2kIiJqUiIP49iUcOLpWT,433360,3
0.443,0.534,11,-8.349,1,0.0328,0.613,0.0,0.151,0.651,115.234,audio_features,1NlwiyN4GGn3gVgyZ8T5AW,spotify:track:1NlwiyN4GGn3gVgyZ8T5AW,https://api.spotify.com/v1/tracks/1NlwiyN4GGn3gVgyZ8T5AW,https://api.spotify.com/v1/audio-analysis/1NlwiyN4GGn3gVgyZ8T5AW,232827,4
0.732,0.481,0,-10.478,1,0.0315,0.502,0.00998,0.103,0.512,124.989,audio_features,2RFPhTEa4Z7WMV4608WBOJ,spotify:track:2RFPhTEa4Z7WMV4608WBOJ,https://api.spotify.com/v1/tracks/2RFPhTEa4Z7WMV4608WBOJ,https://api.spotify.com/v1/audio-analysis/2RFPhTEa4Z7WMV4608WBOJ,223721,4
0.317,0.201,3,-12.335,1,0.0332,0.713,4.67e-05,0.176,0.152,123.98,audio_features,35sEqwW23uB0PqZATuQVjW,spotify:track:35sEqwW23uB0PqZATuQVjW,https://api.spotify.com/v1/tracks/35sEqwW23uB0PqZATuQVjW,https://api.spotify.com/v1/audio-analysis/35sEqwW23uB0PqZATuQVjW,273235,4
0.64,0.552,0,-7.327,0,0.354,0.0764,0.0,0.107,0.318,135.241,audio_features,7pXNFEzqeZB8rIbcFtYTop,spotify:track:7pXNFEzqeZB8rIbcFtYTop,https://api.spotify.com/v1/tracks/7pXNFEzqeZB8rIbcFtYTop,https://api.spotify.com/v1/audio-analysis/7pXNFEzqeZB8rIbcFtYTop,185365,4
0.648,0.43,1,-19.478,1,0.0462,0.0317,0.816,0.0645,0.885,107.951,audio_features,3ySDVmNt3aX7J5LpM0FNAq,spotify:track:3ySDVmNt3aX7J5LpM0FNAq,https://api.spotify.com/v1/tracks/3ySDVmNt3aX7J5LpM0FNAq,https://api.spotify.com/v1/audio-analysis/3ySDVmNt3aX7J5LpM0FNAq,354562,4
0.763,0.901,0,-9.126,1,0.0457,0.00205,0.807,0.212,0.288,112.833,audio_features,7dFS1FBiGkZpEYLLf6Y54X,spotify:track:7dFS1FBiGkZpEYLLf6Y54X,https://api.spotify.com/v1/tracks/7dFS1FBiGkZpEYLLf6Y54X,https://api.spotify.com/v1/audio-analysis/7dFS1FBiGkZpEYLLf6Y54X,652572,4
0.515,0.587,1,-12.036,1,0.0305,0.802,0.843,0.11,0.559,97.964,audio_features,1ETl1FlO7G2svRBUYiGEEH,spotify:track:1ETl1FlO7G2svRBUYiGEEH,https://api.spotify.com/v1/tracks/1ETl1FlO7G2svRBUYiGEEH,https://api.spotify.com/v1/audio-analysis/1ETl1FlO7G2svRBUYiGEEH,334347,4
0.365,0.252,9,-15.823,0,0.0493,0.91,0.534,0.213,0.155,103.276,audio_features,5apWXYw5Xh8lawxhLOMKtr,spotify:track:5apWXYw5Xh8lawxhLOMKtr,https://api.spotify.com/v1/tracks/5apWXYw5Xh8lawxhLOMKtr,https://api.spotify.com/v1/audio-analysis/5apWXYw5Xh8lawxhLOMKtr,510411,4
0.445,0.235,5,-13.378,1,0.051,0.821,1.07e-05,0.108,0.281,75.248,audio_features,3tjJX0cjVEGtmxcqu6PsZv,spotify:track:3tjJX0cjVEGtmxcqu6PsZv,https://api.spotify.com/v1/tracks/3tjJX0cjVEGtmxcqu6PsZv,https://api.spotify.com/v1/audio-analysis/3tjJX0cjVEGtmxcqu6PsZv,300720,4
0.676,0.483,10,-8.5,0,0.14,0.311,0.0,0.11,0.447,83.05,audio_features,1NY9g5OFUoezXeTveFYWSM,spotify:track:1NY9g5OFUoezXeTveFYWSM,https://api.spotify.com/v1/tracks/1NY9g5OFUoezXeTveFYWSM,https://api.spotify.com/v1/audio-analysis/1NY9g5OFUoezXeTveFYWSM,220612,4
0.621,0.623,1,-4.653,0,0.11,0.102,3.25e-05,0.363,0.624,199.788,audio_features,0oXQppF7nPJG4ZM83OyKIG,spotify:track:0oXQppF7nPJG4ZM83OyKIG,https://api.spotify.com/v1/tracks/0oXQppF7nPJG4ZM83OyKIG,https://api.spotify.com/v1/audio-analysis/0oXQppF7nPJG4ZM83OyKIG,57445,4
0.602,0.966,4,-5.835,0,0.0681,0.14,3.45e-06,0.108,0.845,119.561,audio_features,1BUWbJwPCBcTLiQBE5gBdI,spotify:track:1BUWbJwPCBcTLiQBE5gBdI,https://api.spotify.com/v1/tracks/1BUWbJwPCBcTLiQBE5gBdI,https://api.spotify.com/v1/audio-analysis/1BUWbJwPCBcTLiQBE5gBdI,228467,4
0.593,0.935,4,-3.43,0,0.225,0.268,0.0,0.286,0.783,99.976,audio_features,0a4MMyCrzT0En247IhqZbD,spotify:track:0a4MMyCrzT0En247IhqZbD,https://api.spotify.com/v1/tracks/0a4MMyCrzT0En247IhqZbD,https://api.spotify.com/v1/audio-analysis/0a4MMyCrzT0En247IhqZbD,179027,4
0.885,0.443,2,-10.918,1,0.0408,0.202,0.0832,0.097,0.958,113.69,audio_features,06yIpfgaNLWjXNWDdWnCV2,spotify:track:06yIpfgaNLWjXNWDdWnCV2,https://api.spotify.com/v1/tracks/06yIpfgaNLWjXNWDdWnCV2,https://api.spotify.com/v1/audio-analysis/06yIpfgaNLWjXNWDdWnCV2,429213,4
0.742,0.746,11,-7.294,0,0.0504,0.606,0.000685,0.0806,0.767,134.905,audio_features,6Jx6VW69DwGav5Pb0jl7BU,spotify:track:6Jx6VW69DwGav5Pb0jl7BU,https://api.spotify.com/v1/tracks/6Jx6VW69DwGav5Pb0jl7BU,https://api.spotify.com/v1/audio-analysis/6Jx6VW69DwGav5Pb0jl7BU,208507,4
0.515,0.687,0,-10.081,1,0.0353,0.268,0.721,0.066,0.413,117.718,audio_features,16GIRXYEMRhfjP6H9fRCib,spotify:track:16GIRXYEMRhfjP6H9fRCib,https://api.spotify.com/v1/tracks/16GIRXYEMRhfjP6H9fRCib,https://api.spotify.com/v1/audio-analysis/16GIRXYEMRhfjP6H9fRCib,352843,5
0.631,0.63,6,-8.347,0,0.116,0.544,2.92e-05,0.196,0.436,101.187,audio_features,0leCG4CC25NRMXOxQ2Jmti,spotify:track:0leCG4CC25NRMXOxQ2Jmti,https://api.spotify.com/v1/tracks/0leCG4CC25NRMXOxQ2Jmti,https://api.spotify.com/v1/audio-analysis/0leCG4CC25NRMXOxQ2Jmti,206270,4
0.45,0.816,9,-7.384,0,0.0587,0.415,0.054,0.336,0.688,171.756,audio_features,7ARHvtcRfi0IyYNItnAR1U,spotify:track:7ARHvtcRfi0IyYNItnAR1U,https://api.spotify.com/v1/tracks/7ARHvtcRfi0IyYNItnAR1U,https://api.spotify.com/v1/audio-analysis/7ARHvtcRfi0IyYNItnAR1U,115043,3
0.801,0.806,11,-5.206,1,0.0381,0.382,0.000669,0.114,0.802,106.999,audio_features,0WtM2NBVQNNJLh6scP13H8,spotify:track:0WtM2NBVQNNJLh6scP13H8,https://api.spotify.com/v1/tracks/0WtM2NBVQNNJLh6scP13H8,https://api.spotify.com/v1/audio-analysis/0WtM2NBVQNNJLh6scP13H8,239318,4
0.774,0.512,10,-11.061,0,0.0453,0.753,0.939,0.105,0.709,96.028,audio_features,1HJXdfuWc6IlKBMLtITaHD,spotify:track:1HJXdfuWc6IlKBMLtITaHD,https://api.spotify.com/v1/tracks/1HJXdfuWc6IlKBMLtITaHD,https://api.spotify.com/v1/audio-analysis/1HJXdfuWc6IlKBMLtITaHD,191361,5
0.296,0.363,10,-8.506,1,0.048,0.708,0.0874,0.609,0.284,180.073,audio_features,2Tv98WrbvTsQfa2xH5OSwO,spotify:track:2Tv98WrbvTsQfa2xH5OSwO,https://api.spotify.com/v1/tracks/2Tv98WrbvTsQfa2xH5OSwO,https://api.spotify.com/v1/audio-analysis/2Tv98WrbvTsQfa2xH5OSwO,252136,3
0.624,0.474,3,-6.704,1,0.0412,0.652,0.000106,0.107,0.272,84.053,audio_features,2w7MGuFvgpc7UXSf0ZLLC0,spotify:track:2w7MGuFvgpc7UXSf0ZLLC0,https://api.spotify.com/v1/tracks/2w7MGuFvgpc7UXSf0ZLLC0,https://api.spotify.com/v1/audio-analysis/2w7MGuFvgpc7UXSf0ZLLC0,240840,4
0.063,0.417,6,-17.689,0,0.0705,0.942,0.974,0.159,0.038,56.664,audio_features,7MyeLS0npsGu18Oj2U0dp9,spotify:track:7MyeLS0npsGu18Oj2U0dp9,https://api.spotify.com/v1/tracks/7MyeLS0npsGu18Oj2U0dp9,https://api.spotify.com/v1/audio-analysis/7MyeLS0npsGu18Oj2U0dp9,519293,4
0.716,0.813,5,-5.748,1,0.256,0.269,0.0,0.104,0.682,90.418,audio_features,0pJO1tc1GpnxFyQp6Zp82r,spotify:track:0pJO1tc1GpnxFyQp6Zp82r,https://api.spotify.com/v1/tracks/0pJO1tc1GpnxFyQp6Zp82r,https://api.spotify.com/v1/audio-analysis/0pJO1tc1GpnxFyQp6Zp82r,245820,4
0.0634,0.0632,9,-24.392,0,0.0404,0.952,0.893,0.0819,0.0304,65.869,audio_features,24qPgxW9rI2xn4Ja3RkdUI,spotify:track:24qPgxW9rI2xn4Ja3RkdUI,https://api.spotify.com/v1/tracks/24qPgxW9rI2xn4Ja3RkdUI,https://api.spotify.com/v1/audio-analysis/24qPgxW9rI2xn4Ja3RkdUI,1011317,4
0.593,0.503,8,-6.725,0,0.22,0.293,0.0,0.405,0.71,178.781,audio_features,1SC5rEoYDGUK4NfG82494W,spotify:track:1SC5rEoYDGUK4NfG82494W,https://api.spotify.com/v1/tracks/1SC5rEoYDGUK4NfG82494W,https://api.spotify.com/v1/audio-analysis/1SC5rEoYDGUK4NfG82494W,137704,4
0.684,0.749,7,-6.565,1,0.06,0.00135,0.111,0.141,0.935,160.021,audio_features,0nys6GusuHnjSYLW0PYYb7,spotify:track:0nys6GusuHnjSYLW0PYYb7,https://api.spotify.com/v1/tracks/0nys6GusuHnjSYLW0PYYb7,https://api.spotify.com/v1/audio-analysis/0nys6GusuHnjSYLW0PYYb7,196905,4
0.474,0.0964,7,-15.87,0,0.0406,0.961,0.0,0.134,0.272,97.595,audio_features,0KdYYVq1c2kvy69RjczLeX,spotify:track:0KdYYVq1c2kvy69RjczLeX,https://api.spotify.com/v1/tracks/0KdYYVq1c2kvy69RjczLeX,https://api.spotify.com/v1/audio-analysis/0KdYYVq1c2kvy69RjczLeX,265440,4
0.532,0.719,4,-5.16,1,0.0365,0.119,0.000577,0.373,0.517,110.949,audio_features,1kZpYFQHUKv4xHELaaUSqP,spotify:track:1kZpYFQHUKv4xHELaaUSqP,https://api.spotify.com/v1/tracks/1kZpYFQHUKv4xHELaaUSqP,https://api.spotify.com/v1/audio-analysis/1kZpYFQHUKv4xHELaaUSqP,263754,4
0.589,0.627,9,-11.463,1,0.0359,0.299,0.566,0.0747,0.555,106.999,audio_features,3ArnNhm8z0ScjDKfGHSBRk,spotify:track:3ArnNhm8z0ScjDKfGHSBRk,https://api.spotify.com/v1/tracks/3ArnNhm8z0ScjDKfGHSBRk,https://api.spotify.com/v1/audio-analysis/3ArnNhm8z0ScjDKfGHSBRk,327440,4
0.903,0.535,9,-6.434,1,0.0742,0.297,0.0,0.345,0.508,130.022,audio_features,5SixeLvPsYpk7qq9lo5xYg,spotify:track:5SixeLvPsYpk7qq9lo5xYg,https://api.spotify.com/v1/tracks/5SixeLvPsYpk7qq9lo5xYg,https://api.spotify.com/v1/audio-analysis/5SixeLvPsYpk7qq9lo5xYg,148779,4
0.563,0.664,9,-5.044,1,0.154,0.335,0.0,0.0849,0.688,166.928,audio_features,4ZtFanR9U6ndgddUvNcjcG,spotify:track:4ZtFanR9U6ndgddUvNcjcG,https://api.spotify.com/v1/tracks/4ZtFanR9U6ndgddUvNcjcG,https://api.spotify.com/v1/audio-analysis/4ZtFanR9U6ndgddUvNcjcG,178147,4
0.444,0.729,2,-5.442,0,0.0281,0.00695,1.8e-06,0.0703,0.388,95.258,audio_features,0vAGNjNpJhjZTxvtcGeAib,spotify:track:0vAGNjNpJhjZTxvtcGeAib,https://api.spotify.com/v1/tracks/0vAGNjNpJhjZTxvtcGeAib,https://api.spotify.com/v1/audio-analysis/0vAGNjNpJhjZTxvtcGeAib,303593,4
0.35,0.702,5,-11.563,0,0.0676,0.0777,0.729,0.156,0.397,146.623,audio_features,1KX0mYaAAO1PyFr2VSG2ob,spotify:track:1KX0mYaAAO1PyFr2VSG2ob,https://api.spotify.com/v1/tracks/1KX0mYaAAO1PyFr2VSG2ob,https://api.spotify.com/v1/audio-analysis/1KX0mYaAAO1PyFr2VSG2ob,402196,4
0.663,0.583,11,-5.789,0,0.275,0.00472,0.0,0.125,0.146,121.678,audio_features,1D1sFcA13TLiLXmqHUFBXR,spotify:track:1D1sFcA13TLiLXmqHUFBXR,https://api.spotify.com/v1/tracks/1D1sFcA13TLiLXmqHUFBXR,https://api.spotify.com/v1/audio-analysis/1D1sFcA13TLiLXmqHUFBXR,316733,4
0.738,0.754,10,-13.799,0,0.0432,0.269,0.857,0.0514,0.0864,118.002,audio_features,03624PdgKK1GEQLqvUBPef,spotify:track:03624PdgKK1GEQLqvUBPef,https://api.spotify.com/v1/tracks/03624PdgKK1GEQLqvUBPef,https://api.spotify.com/v1/audio-analysis/03624PdgKK1GEQLqvUBPef,493520,4
0.529,0.544,6,-10.925,0,0.371,0.259,0.01,0.375,0.676,92.066,audio_features,7jnaAu7P745QnBBHm3RtSU,spotify:track:7jnaAu7P745QnBBHm3RtSU,https://api.spotify.com/v1/tracks/7jnaAu7P745QnBBHm3RtSU,https://api.spotify.com/v1/audio-analysis/7jnaAu7P745QnBBHm3RtSU,162437,4
0.736,0.83,5,-5.526,0,0.0657,0.0909,0.0,0.123,0.758,120.028,audio_features,5ODinRgSeHlL2Egqe3DKmb,spotify:track:5ODinRgSeHlL2Egqe3DKmb,https://api.spotify.com/v1/tracks/5ODinRgSeHlL2Egqe3DKmb,https://api.spotify.com/v1/audio-analysis/5ODinRgSeHlL2Egqe3DKmb,211186,4
0.661,0.693,6,-6.553,0,0.196,0.324,0.0336,0.0959,0.613,82.058,audio_features,5SFssNXGjeOxdAnECfgttm,spotify:track:5SFssNXGjeOxdAnECfgttm,https://api.spotify.com/v1/tracks/5SFssNXGjeOxdAnECfgttm,https://api.spotify.com/v1/audio-analysis/5SFssNXGjeOxdAnECfgttm,302240,4
0.466,0.63,11,-8.115,1,0.0273,0.167,5.32e-05,0.103,0.329,82.988,audio_features,2ORVHijyYA8bAOCVaIbmdS,spotify:track:2ORVHijyYA8bAOCVaIbmdS,https://api.spotify.com/v1/tracks/2ORVHijyYA8bAOCVaIbmdS,https://api.spotify.com/v1/audio-analysis/2ORVHijyYA8bAOCVaIbmdS,158618,4
0.263,0.872,5,-6.426,1,0.161,0.0488,0.12,0.329,0.382,105.98,audio_features,1RhL5PGWaiYXwVmqOpj0Nm,spotify:track:1RhL5PGWaiYXwVmqOpj0Nm,https://api.spotify.com/v1/tracks/1RhL5PGWaiYXwVmqOpj0Nm,https://api.spotify.com/v1/audio-analysis/1RhL5PGWaiYXwVmqOpj0Nm,445816,4
0.442,0.612,2,-7.222,1,0.112,0.584,5.7e-06,0.37,0.178,180.917,audio_features,6HU7h9RYOaPRFeh0R3UeAr,spotify:track:6HU7h9RYOaPRFeh0R3UeAr,https://api.spotify.com/v1/tracks/6HU7h9RYOaPRFeh0R3UeAr,https://api.spotify.com/v1/audio-analysis/6HU7h9RYOaPRFeh0R3UeAr,215507,4
0.448,0.206,8,-15.92,0,0.0295,0.967,0.848,0.111,0.215,104.988,audio_features,21Msd85UJxRnwUh8jXEqxM,spotify:track:21Msd85UJxRnwUh8jXEqxM,https://api.spotify.com/v1/tracks/21Msd85UJxRnwUh8jXEqxM,https://api.spotify.com/v1/audio-analysis/21Msd85UJxRnwUh8jXEqxM,423160,3
0.387,0.577,8,-4.716,1,0.0432,0.28,0.0946,0.284,0.441,120.017,audio_features,7sYXudDYZ0RPA3V8UPTNek,spotify:track:7sYXudDYZ0RPA3V8UPTNek,https://api.spotify.com/v1/tracks/7sYXudDYZ0RPA3V8UPTNek,https://api.spotify.com/v1/audio-analysis/7sYXudDYZ0RPA3V8UPTNek,705500,4
0.717,0.506,4,-7.233,0,0.149,0.0251,0.0,0.0815,0.459,147.922,audio_features,0VDBVoN11cujJzgp9FN9Gm,spotify:track:0VDBVoN11cujJzgp9FN9Gm,https://api.spotify.com/v1/tracks/0VDBVoN11cujJzgp9FN9Gm,https://api.spotify.com/v1/audio-analysis/0VDBVoN11cujJzgp9FN9Gm,210693,4
0.653,0.877,2,-5.82,0,0.0275,0.0102,1.04e-05,0.32,0.62,109.985,audio_features,0dpyzcT3RMNNSd2xKBf35I,spotify:track:0dpyzcT3RMNNSd2xKBf35I,https://api.spotify.com/v1/tracks/0dpyzcT3RMNNSd2xKBf35I,https://api.spotify.com/v1/audio-analysis/0dpyzcT3RMNNSd2xKBf35I,195371,4
0.573,0.515,6,-7.209,0,0.364,0.524,0.0,0.391,0.599,162.857,audio_features,1SItv3YEX2txYK9mkbSKqD,spotify:track:1SItv3YEX2txYK9mkbSKqD,https://api.spotify.com/v1/tracks/1SItv3YEX2txYK9mkbSKqD,https://api.spotify.com/v1/audio-analysis/1SItv3YEX2txYK9mkbSKqD,175029,4
0.564,0.75,3,-7.243,1,0.0593,0.0683,0.0,0.114,0.24,96.913,audio_features,10OKTL7vWDyaDb8zEJUjrE,spotify:track:10OKTL7vWDyaDb8zEJUjrE,https://api.spotify.com/v1/tracks/10OKTL7vWDyaDb8zEJUjrE,https://api.spotify.com/v1/audio-analysis/10OKTL7vWDyaDb8zEJUjrE,203853,4
0.53,0.652,11,-9.812,0,0.0323,0.131,0.918,0.16,0.578,147.126,audio_features,5EWPXmBa949HMMe3s611CW,spotify:track:5EWPXmBa949HMMe3s611CW,https://api.spotify.com/v1/tracks/5EWPXmBa949HMMe3s611CW,https://api.spotify.com/v1/audio-analysis/5EWPXmBa949HMMe3s611CW,321600,4
0.7,0.55,11,-5.871,1,0.104,0.16,0.000119,0.0644,0.854,72.997,audio_features,0w3A7y2EJ8awXWMUtftue5,spotify:track:0w3A7y2EJ8awXWMUtftue5,https://api.spotify.com/v1/tracks/0w3A7y2EJ8awXWMUtftue5,https://api.spotify.com/v1/audio-analysis/0w3A7y2EJ8awXWMUtftue5,325106,4
0.917,0.623,1,-8.231,1,0.135,0.0985,0.0,0.0833,0.687,126.063,audio_features,4KD0lLJ4OGonZhBeKtct9I,spotify:track:4KD0lLJ4OGonZhBeKtct9I,https://api.spotify.com/v1/tracks/4KD0lLJ4OGonZhBeKtct9I,https://api.spotify.com/v1/audio-analysis/4KD0lLJ4OGonZhBeKtct9I,206272,4
0.764,0.672,7,-5.947,0,0.0293,0.072,3.32e-06,0.0806,0.789,129.049,audio_features,2grSOc6HNTXQQXNoRKt9UM,spotify:track:2grSOc6HNTXQQXNoRKt9UM,https://api.spotify.com/v1/tracks/2grSOc6HNTXQQXNoRKt9UM,https://api.spotify.com/v1/audio-analysis/2grSOc6HNTXQQXNoRKt9UM,136614,4
0.491,0.234,1,-10.898,1,0.104,0.735,0.0,0.0817,0.137,90.227,audio_features,1Xc5Htlpv1zgLRkY5drs9V,spotify:track:1Xc5Htlpv1zgLRkY5drs9V,https://api.spotify.com/v1/tracks/1Xc5Htlpv1zgLRkY5drs9V,https://api.spotify.com/v1/audio-analysis/1Xc5Htlpv1zgLRkY5drs9V,208600,4
0.0746,0.0975,3,-20.296,1,0.0439,0.957,0.107,0.125,0.0377,181.283,audio_features,5H1qpNi0GutfXXgG7fYc6p,spotify:track:5H1qpNi0GutfXXgG7fYc6p,https://api.spotify.com/v1/tracks/5H1qpNi0GutfXXgG7fYc6p,https://api.spotify.com/v1/audio-analysis/5H1qpNi0GutfXXgG7fYc6p,188589,4
0.551,0.715,5,-9.811,0,0.338,0.843,0.0,0.115,0.69,77.195,audio_features,4f7r6dRgC7e8XSoKHD1UpL,spotify:track:4f7r6dRgC7e8XSoKHD1UpL,https://api.spotify.com/v1/tracks/4f7r6dRgC7e8XSoKHD1UpL,https://api.spotify.com/v1/audio-analysis/4f7r6dRgC7e8XSoKHD1UpL,219156,4
0.524,0.872,9,-4.165,1,0.0427,0.0429,0.0,0.594,0.493,145.972,audio_features,5eGnzWOwLq7zhnj9XsTFY4,spotify:track:5eGnzWOwLq7zhnj9XsTFY4,https://api.spotify.com/v1/tracks/5eGnzWOwLq7zhnj9XsTFY4,https://api.spotify.com/v1/audio-analysis/5eGnzWOwLq7zhnj9XsTFY4,173593,4
0.718,0.787,7,-7.777,0,0.154,0.0445,0.00905,0.164,0.622,90.024,audio_features,7ulh0asPyRT8nEkh3qbjBc,spotify:track:7ulh0asPyRT8nEkh3qbjBc,https://api.spotify.com/v1/tracks/7ulh0asPyRT8nEkh3qbjBc,https://api.spotify.com/v1/audio-analysis/7ulh0asPyRT8nEkh3qbjBc,216638,4
0.739,0.491,6,-11.515,1,0.027,0.791,0.0366,0.1,0.707,111.008,audio_features,0HAqq2GcQKyi3s87GuN7jU,spotify:track:0HAqq2GcQKyi3s87GuN7jU,https://api.spotify.com/v1/tracks/0HAqq2GcQKyi3s87GuN7jU,https://api.spotify.com/v1/audio-analysis/0HAqq2GcQKyi3s87GuN7jU,228922,4
0.721,0.485,5,-11.213,0,0.0681,0.158,0.275,0.107,0.614,150.027,audio_features,3mMduiD8yb4IaS5tZKqSZy,spotify:track:3mMduiD8yb4IaS5tZKqSZy,https://api.spotify.com/v1/tracks/3mMduiD8yb4IaS5tZKqSZy,https://api.spotify.com/v1/audio-analysis/3mMduiD8yb4IaS5tZKqSZy,188617,4
0.535,0.649,1,-7.638,1,0.205,0.71,0.000236,0.0973,0.796,86.761,audio_features,60GM1mA58L7SYD1bLQXBho,spotify:track:60GM1mA58L7SYD1bLQXBho,https://api.spotify.com/v1/tracks/60GM1mA58L7SYD1bLQXBho,https://api.spotify.com/v1/audio-analysis/60GM1mA58L7SYD1bLQXBho,269413,4
0.817,0.8,2,-4.475,1,0.108,0.12,3.9e-05,0.187,0.534,90.016,audio_features,0VzBKgimNRMauaqzT2rEnS,spotify:track:0VzBKgimNRMauaqzT2rEnS,https://api.spotify.com/v1/tracks/0VzBKgimNRMauaqzT2rEnS,https://api.spotify.com/v1/audio-analysis/0VzBKgimNRMauaqzT2rEnS,154667,4
0.55,0.893,5,-5.466,0,0.0363,0.000176,0.0,0.71,0.614,93.985,audio_features,0iY3MXlrYO5HYQ1hJUCckf,spotify:track:0iY3MXlrYO5HYQ1hJUCckf,https://api.spotify.com/v1/tracks/0iY3MXlrYO5HYQ1hJUCckf,https://api.spotify.com/v1/audio-analysis/0iY3MXlrYO5HYQ1hJUCckf,176347,4
0.463,0.891,6,-4.866,1,0.207,0.611,6.08e-06,0.293,0.571,143.618,audio_features,6oQqg7g5zDSekft6JDFpL8,spotify:track:6oQqg7g5zDSekft6JDFpL8,https://api.spotify.com/v1/tracks/6oQqg7g5zDSekft6JDFpL8,https://api.spotify.com/v1/audio-analysis/6oQqg7g5zDSekft6JDFpL8,212000,4
0.811,0.541,6,-9.523,1,0.0428,0.00244,0.214,0.0796,0.926,120.003,audio_features,4suMA6HLaH4gbXBPtoAbBy,spotify:track:4suMA6HLaH4gbXBPtoAbBy,https://api.spotify.com/v1/tracks/4suMA6HLaH4gbXBPtoAbBy,https://api.spotify.com/v1/audio-analysis/4suMA6HLaH4gbXBPtoAbBy,378573,4
0.742,0.872,7,-7.812,0,0.122,0.176,0.00271,0.34,0.673,119.999,audio_features,3bQWyx3JDz53yP2uij16Jj,spotify:track:3bQWyx3JDz53yP2uij16Jj,https://api.spotify.com/v1/tracks/3bQWyx3JDz53yP2uij16Jj,https://api.spotify.com/v1/audio-analysis/3bQWyx3JDz53yP2uij16Jj,273387,4
0.61,0.755,5,-5.372,0,0.194,0.301,7.14e-06,0.229,0.482,124.788,audio_features,1VZ3eVEVDkl8suVIFGOC4k,spotify:track:1VZ3eVEVDkl8suVIFGOC4k,https://api.spotify.com/v1/tracks/1VZ3eVEVDkl8suVIFGOC4k,https://api.spotify.com/v1/audio-analysis/1VZ3eVEVDkl8suVIFGOC4k,250045,4
0.446,0.524,3,-6.431,0,0.19,0.115,0.000244,0.0998,0.446,75.533,audio_features,0yltvFPbEdD5VYv0VkvaAX,spotify:track:0yltvFPbEdD5VYv0VkvaAX,https://api.spotify.com/v1/tracks/0yltvFPbEdD5VYv0VkvaAX,https://api.spotify.com/v1/audio-analysis/0yltvFPbEdD5VYv0VkvaAX,220500,4
0.664,0.524,7,-10.5,1,0.0509,0.0316,0.892,0.176,0.403,124.0,audio_features,1V2Z18nOByb7DqCECFh2Yt,spotify:track:1V2Z18nOByb7DqCECFh2Yt,https://api.spotify.com/v1/tracks/1V2Z18nOByb7DqCECFh2Yt,https://api.spotify.com/v1/audio-analysis/1V2Z18nOByb7DqCECFh2Yt,317004,4
0.666,0.796,10,-6.967,0,0.103,0.0492,0.0,0.0442,0.61,110.108,audio_features,1058fW9H3fZA6QjYCdOBad,spotify:track:1058fW9H3fZA6QjYCdOBad,https://api.spotify.com/v1/tracks/1058fW9H3fZA6QjYCdOBad,https://api.spotify.com/v1/audio-analysis/1058fW9H3fZA6QjYCdOBad,164842,4
0.523,0.582,2,-9.215,0,0.0619,0.429,0.000312,0.116,0.361,167.725,audio_features,64PsLB0bc1LJoZwogWO3ok,spotify:track:64PsLB0bc1LJoZwogWO3ok,https://api.spotify.com/v1/tracks/64PsLB0bc1LJoZwogWO3ok,https://api.spotify.com/v1/audio-analysis/64PsLB0bc1LJoZwogWO3ok,231427,4
0.467,0.976,9,-5.195,1,0.0767,0.00021,0.319,0.16,0.237,136.012,audio_features,3uzb6hzu7Wy13AvE6UYiwM,spotify:track:3uzb6hzu7Wy13AvE6UYiwM,https://api.spotify.com/v1/tracks/3uzb6hzu7Wy13AvE6UYiwM,https://api.spotify.com/v1/audio-analysis/3uzb6hzu7Wy13AvE6UYiwM,186014,4
0.764,0.705,8,-3.463,1,0.0284,0.259,8.92e-05,0.12,0.781,110.97,audio_features,3DarAbFujv6eYNliUTyqtz,spotify:track:3DarAbFujv6eYNliUTyqtz,https://api.spotify.com/v1/tracks/3DarAbFujv6eYNliUTyqtz,https://api.spotify.com/v1/audio-analysis/3DarAbFujv6eYNliUTyqtz,208667,4
0.493,0.263,0,-12.805,1,0.0351,0.926,0.0,0.0879,0.158,122.792,audio_features,4Hl9rOqYomojCmxYfr25im,spotify:track:4Hl9rOqYomojCmxYfr25im,https://api.spotify.com/v1/tracks/4Hl9rOqYomojCmxYfr25im,https://api.spotify.com/v1/audio-analysis/4Hl9rOqYomojCmxYfr25im,333710,4
0.469,0.588,5,-8.454,1,0.0257,0.0423,0.0268,0.138,0.507,149.333,audio_features,0HIZ1JRhI5GukIPW2vMzhc,spotify:track:0HIZ1JRhI5GukIPW2vMzhc,https://api.spotify.com/v1/tracks/0HIZ1JRhI5GukIPW2vMzhc,https://api.spotify.com/v1/audio-analysis/0HIZ1JRhI5GukIPW2vMzhc,307427,4
0.883,0.674,11,-8.043,0,0.357,0.21,0.0,0.0678,0.73,141.02,audio_features,6uvMKqNlrSvcC4NaKnrwjZ,spotify:track:6uvMKqNlrSvcC4NaKnrwjZ,https://api.spotify.com/v1/tracks/6uvMKqNlrSvcC4NaKnrwjZ,https://api.spotify.com/v1/audio-analysis/6uvMKqNlrSvcC4NaKnrwjZ,278085,4
0.597,0.434,1,-8.968,0,0.109,0.677,0.0,0.0617,0.539,80.41,audio_features,4xtd1UED9e4b0bbikgWH5P,spotify:track:4xtd1UED9e4b0bbikgWH5P,https://api.spotify.com/v1/tracks/4xtd1UED9e4b0bbikgWH5P,https://api.spotify.com/v1/audio-analysis/4xtd1UED9e4b0bbikgWH5P,338000,4
0.803,0.59,11,-11.187,0,0.0798,0.201,0.00216,0.0605,0.743,118.022,audio_features,6W9rbkBueZQrwuzO24GHZ2,spotify:track:6W9rbkBueZQrwuzO24GHZ2,https://api.spotify.com/v1/tracks/6W9rbkBueZQrwuzO24GHZ2,https://api.spotify.com/v1/audio-analysis/6W9rbkBueZQrwuzO24GHZ2,222901,4
0.868,0.795,11,-6.044,1,0.269,0.0012,0.0193,0.0461,0.819,166.0,audio_features,1M4OcYkxAtu3ErzSgDEfoi,spotify:track:1M4OcYkxAtu3ErzSgDEfoi,https://api.spotify.com/v1/tracks/1M4OcYkxAtu3ErzSgDEfoi,https://api.spotify.com/v1/audio-analysis/1M4OcYkxAtu3ErzSgDEfoi,156945,4
0.29,0.357,9,-10.449,1,0.0488,0.69,0.929,0.349,0.0536,132.712,audio_features,2HRbuSssQj20yZV1IUtMXX,spotify:track:2HRbuSssQj20yZV1IUtMXX,https://api.spotify.com/v1/tracks/2HRbuSssQj20yZV1IUtMXX,https://api.spotify.com/v1/audio-analysis/2HRbuSssQj20yZV1IUtMXX,548137,3
0.67,0.907,1,-8.833,1,0.0988,0.225,0.909,0.0885,0.368,160.05,audio_features,0oRzcIZcW4oB2K2XfB2Uky,spotify:track:0oRzcIZcW4oB2K2XfB2Uky,https://api.spotify.com/v1/tracks/0oRzcIZcW4oB2K2XfB2Uky,https://api.spotify.com/v1/audio-analysis/0oRzcIZcW4oB2K2XfB2Uky,126687,4
0.317,0.444,10,-15.4,0,0.0476,0.293,0.954,0.169,0.0819,110.527,audio_features,0bOm0TmuEm8SmGjPzBjFYh,spotify:track:0bOm0TmuEm8SmGjPzBjFYh,https://api.spotify.com/v1/tracks/0bOm0TmuEm8SmGjPzBjFYh,https://api.spotify.com/v1/audio-analysis/0bOm0TmuEm8SmGjPzBjFYh,1225476,4
0.617,0.737,1,-5.224,1,0.0321,0.0119,0.0,0.0571,0.522,120.033,audio_features,6uyltToZgo3MDKhCJ7F8Wc,spotify:track:6uyltToZgo3MDKhCJ7F8Wc,https://api.spotify.com/v1/tracks/6uyltToZgo3MDKhCJ7F8Wc,https://api.spotify.com/v1/audio-analysis/6uyltToZgo3MDKhCJ7F8Wc,238871,4
0.378,0.0785,4,-13.487,0,0.0447,0.98,1.33e-06,0.0598,0.382,156.645,audio_features,2ytk2n3eCn8hsM3leSVqhN,spotify:track:2ytk2n3eCn8hsM3leSVqhN,https://api.spotify.com/v1/tracks/2ytk2n3eCn8hsM3leSVqhN,https://api.spotify.com/v1/audio-analysis/2ytk2n3eCn8hsM3leSVqhN,226747,3
0.551,0.968,1,-0.357,1,0.0465,0.000165,0.0,0.225,0.738,94.977,audio_features,3kfghhJVXyT2W2TlP2Vsw9,spotify:track:3kfghhJVXyT2W2TlP2Vsw9,https://api.spotify.com/v1/tracks/3kfghhJVXyT2W2TlP2Vsw9,https://api.spotify.com/v1/audio-analysis/3kfghhJVXyT2W2TlP2Vsw9,239238,4
0.372,0.629,11,-6.012,0,0.0331,0.181,0.726,0.457,0.234,193.174,audio_features,5hg8bVCEFnlAjadqqiJPG0,spotify:track:5hg8bVCEFnlAjadqqiJPG0,https://api.spotify.com/v1/tracks/5hg8bVCEFnlAjadqqiJPG0,https://api.spotify.com/v1/audio-analysis/5hg8bVCEFnlAjadqqiJPG0,238225,4
0.493,0.653,0,-5.666,0,0.0466,0.269,0.0,0.511,0.852,142.347,audio_features,5B0kgjHULYJhAQkK5XsMoC,spotify:track:5B0kgjHULYJhAQkK5XsMoC,https://api.spotify.com/v1/tracks/5B0kgjHULYJhAQkK5XsMoC,https://api.spotify.com/v1/audio-analysis/5B0kgjHULYJhAQkK5XsMoC,121573,4
0.715,0.764,6,-8.232,0,0.0346,0.0485,0.165,0.175,0.634,130.972,audio_features,6JtT4a0Z406dz7A2f2vGBe,spotify:track:6JtT4a0Z406dz7A2f2vGBe,https://api.spotify.com/v1/tracks/6JtT4a0Z406dz7A2f2vGBe,https://api.spotify.com/v1/audio-analysis/6JtT4a0Z406dz7A2f2vGBe,238168,4
0.585,0.717,8,-8.838,1,0.0772,0.024,0.521,0.294,0.573,139.194,audio_features,0OfyoxBBAbvnKYaDdBZRSw,spotify:track:0OfyoxBBAbvnKYaDdBZRSw,https://api.spotify.com/v1/tracks/0OfyoxBBAbvnKYaDdBZRSw,https://api.spotify.com/v1/audio-analysis/0OfyoxBBAbvnKYaDdBZRSw,208213,4
0.282,0.849,3,-5.581,0,0.0496,9.27e-06,0.00973,0.207,0.266,110.005,audio_features,2XdUaiSuEVgSvNjTirgvfj,spotify:track:2XdUaiSuEVgSvNjTirgvfj,https://api.spotify.com/v1/tracks/2XdUaiSuEVgSvNjTirgvfj,https://api.spotify.com/v1/audio-analysis/2XdUaiSuEVgSvNjTirgvfj,430684,4
0.516,0.45,2,-9.081,1,0.0324,0.00305,4.16e-05,0.322,0.556,96.717,audio_features,6dkCcUhIXXozh2eznpqqbV,spotify:track:6dkCcUhIXXozh2eznpqqbV,https://api.spotify.com/v1/tracks/6dkCcUhIXXozh2eznpqqbV,https://api.spotify.com/v1/audio-analysis/6dkCcUhIXXozh2eznpqqbV,241609,4
0.229,0.0382,1,-24.143,1,0.0469,0.993,0.406,0.151,0.0383,166.684,audio_features,12GuF0wv5jko88HeZuP8Tp,spotify:track:12GuF0wv5jko88HeZuP8Tp,https://api.spotify.com/v1/tracks/12GuF0wv5jko88HeZuP8Tp,https://api.spotify.com/v1/audio-analysis/12GuF0wv5jko88HeZuP8Tp,365199,5
0.501,0.895,6,-3.726,1,0.287,0.0239,2.66e-06,0.54,0.493,80.964,audio_features,1fs6stCUbH1ACZbyrRT321,spotify:track:1fs6stCUbH1ACZbyrRT321,https://api.spotify.com/v1/tracks/1fs6stCUbH1ACZbyrRT321,https://api.spotify.com/v1/audio-analysis/1fs6stCUbH1ACZbyrRT321,251802,4
0.453,0.782,0,-6.122,1,0.0413,0.000275,0.000631,0.103,0.217,109.88,audio_features,3tTftpBPfUeQTdAaBsBiGZ,spotify:track:3tTftpBPfUeQTdAaBsBiGZ,https://api.spotify.com/v1/tracks/3tTftpBPfUeQTdAaBsBiGZ,https://api.spotify.com/v1/audio-analysis/3tTftpBPfUeQTdAaBsBiGZ,209972,4
0.893,0.668,6,-7.383,0,0.0421,0.554,0.626,0.108,0.968,120.038,audio_features,1BJ9APNbbDWvEz0lHwr1iU,spotify:track:1BJ9APNbbDWvEz0lHwr1iU,https://api.spotify.com/v1/tracks/1BJ9APNbbDWvEz0lHwr1iU,https://api.spotify.com/v1/audio-analysis/1BJ9APNbbDWvEz0lHwr1iU,209906,4
0.623,0.546,11,-6.436,0,0.0254,0.212,8.2e-05,0.24,0.593,94.204,audio_features,1R4nFxIiipVTeUSFdOnVIy,spotify:track:1R4nFxIiipVTeUSFdOnVIy,https://api.spotify.com/v1/tracks/1R4nFxIiipVTeUSFdOnVIy,https://api.spotify.com/v1/audio-analysis/1R4nFxIiipVTeUSFdOnVIy,242640,4
0.515,0.298,4,-11.499,1,0.0311,0.718,9.17e-06,0.365,0.462,116.761,audio_features,30y5OpD8TPAru2wsyZDD4S,spotify:track:30y5OpD8TPAru2wsyZDD4S,https://api.spotify.com/v1/tracks/30y5OpD8TPAru2wsyZDD4S,https://api.spotify.com/v1/audio-analysis/30y5OpD8TPAru2wsyZDD4S,400566,4
0.564,0.519,11,-7.878,1,0.0294,0.373,0.0,0.0938,0.35,81.028,audio_features,3VGGcNF0O9loBSuLveZEUU,spotify:track:3VGGcNF0O9loBSuLveZEUU,https://api.spotify.com/v1/tracks/3VGGcNF0O9loBSuLveZEUU,https://api.spotify.com/v1/audio-analysis/3VGGcNF0O9loBSuLveZEUU,222979,4
0.762,0.766,7,-3.955,1,0.0343,0.00776,6.98e-05,0.128,0.442,130.001,audio_features,5fwSHlTEWpluwOM0Sxnh5k,spotify:track:5fwSHlTEWpluwOM0Sxnh5k,https://api.spotify.com/v1/tracks/5fwSHlTEWpluwOM0Sxnh5k,https://api.spotify.com/v1/audio-analysis/5fwSHlTEWpluwOM0Sxnh5k,287120,4
0.645,0.531,8,-6.239,1,0.0272,0.0852,3.86e-06,0.155,0.537,125.986,audio_features,6ZXH6YfcouRBWanewWxuuz,spotify:track:6ZXH6YfcouRBWanewWxuuz,https://api.spotify.com/v1/tracks/6ZXH6YfcouRBWanewWxuuz,https://api.spotify.com/v1/audio-analysis/6ZXH6YfcouRBWanewWxuuz,189027,3
0.582,0.537,0,-9.229,1,0.619,0.129,0.0,0.0749,0.771,82.103,audio_features,0nqhKXDjsyBMvbeWmgijD0,spotify:track:0nqhKXDjsyBMvbeWmgijD0,https://api.spotify.com/v1/tracks/0nqhKXDjsyBMvbeWmgijD0,https://api.spotify.com/v1/audio-analysis/0nqhKXDjsyBMvbeWmgijD0,180930,4
0.429,0.181,3,-12.005,1,0.0412,0.734,8.09e-06,0.101,0.259,80.106,audio_features,1AU6deCmEZI4di2DzzEt0U,spotify:track:1AU6deCmEZI4di2DzzEt0U,https://api.spotify.com/v1/tracks/1AU6deCmEZI4di2DzzEt0U,https://api.spotify.com/v1/audio-analysis/1AU6deCmEZI4di2DzzEt0U,316170,4
0.569,0.48,7,-7.533,1,0.0412,0.781,0.0822,0.1,0.353,123.7,audio_features,3cJI6VFdyRdriDVwB0sU3Y,spotify:track:3cJI6VFdyRdriDVwB0sU3Y,https://api.spotify.com/v1/tracks/3cJI6VFdyRdriDVwB0sU3Y,https://api.spotify.com/v1/audio-analysis/3cJI6VFdyRdriDVwB0sU3Y,234827,5
0.631,0.518,0,-8.771,1,0.0303,0.274,0.0,0.088,0.205,93.023,audio_features,5enxwA8aAbwZbf5qCHORXi,spotify:track:5enxwA8aAbwZbf5qCHORXi,https://api.spotify.com/v1/tracks/5enxwA8aAbwZbf5qCHORXi,https://api.spotify.com/v1/audio-analysis/5enxwA8aAbwZbf5qCHORXi,613027,4
